{"stats":{"minecraft:broken":{"minecraft:iron_shovel":2,"minecraft:iron_boots":1,"minecraft:iron_leggings":1,"minecraft:stone_pickaxe":6,"minecraft:iron_sword":2,"minecraft:iron_pickaxe":8},"minecraft:custom":{"minecraft:animals_bred":40,"minecraft:interact_with_crafting_table":155,"minecraft:bell_ring":7,"minecraft:leave_game":19,"minecraft:time_since_death":45301,"minecraft:sprint_one_cm":1912447,"minecraft:drop":161,"minecraft:talked_to_villager":3,"minecraft:deaths":28,"minecraft:jump":13833,"minecraft:walk_on_water_one_cm":226175,"minecraft:enchant_item":1,"minecraft:interact_with_furnace":212,"minecraft:play_one_minute":815072,"minecraft:sleep_in_bed":46,"minecraft:damage_dealt":41464,"minecraft:player_kills":3,"minecraft:crouch_one_cm":106792,"minecraft:horse_one_cm":102984,"minecraft:mob_kills":346,"minecraft:climb_one_cm":62215,"minecraft:walk_one_cm":2687345,"minecraft:sneak_time":32785,"minecraft:walk_under_water_one_cm":387209,"minecraft:boat_one_cm":463243,"minecraft:time_since_rest":4653,"minecraft:damage_taken":16410,"minecraft:swim_one_cm":559444,"minecraft:fly_one_cm":2331684,"minecraft:open_chest":520,"minecraft:fall_one_cm":427897},"minecraft:mined":{"minecraft:spruce_planks":16,"minecraft:white_bed":29,"minecraft:cobblestone_stairs":3,"minecraft:granite":90,"minecraft:grass_block":257,"minecraft:magma_block":77,"minecraft:iron_ore":231,"minecraft:azure_bluet":11,"minecraft:oak_stairs":1,"minecraft:kelp_plant":82,"minecraft:clay":1,"minecraft:torch":22,"minecraft:chest":6,"minecraft:spruce_wall_sign":1,"minecraft:glass":3,"minecraft:nether_quartz_ore":106,"minecraft:cobblestone":372,"minecraft:grindstone":1,"minecraft:sugar_cane":98,"minecraft:oak_planks":91,"minecraft:wall_torch":51,"minecraft:seagrass":6,"minecraft:birch_log":7,"minecraft:wheat":356,"minecraft:grass":125,"minecraft:oak_log":51,"minecraft:beetroots":2,"minecraft:sand":357,"minecraft:dirt":272,"minecraft:netherrack":92,"minecraft:oak_leaves":6,"minecraft:diamond_ore":6,"minecraft:mossy_cobblestone":47,"minecraft:ladder":1,"minecraft:spruce_fence":2,"minecraft:polished_andesite_slab":1,"minecraft:spruce_leaves":37,"minecraft:kelp":8,"minecraft:hay_block":48,"minecraft:redstone_ore":57,"minecraft:furnace":10,"minecraft:carrots":4,"minecraft:snow":21,"minecraft:andesite":222,"minecraft:bell":1,"minecraft:bookshelf":4,"minecraft:potatoes":5,"minecraft:cobblestone_slab":7,"minecraft:rail":1,"minecraft:lantern":1,"minecraft:stone":1514,"minecraft:white_wool":16,"minecraft:soul_sand":52,"minecraft:lily_of_the_valley":1,"minecraft:oak_fence":12,"minecraft:crafting_table":18,"minecraft:lectern":1,"minecraft:tall_grass":1,"minecraft:lapis_ore":6,"minecraft:diorite":38,"minecraft:spruce_log":164,"minecraft:coal_ore":167,"minecraft:gravel":44,"minecraft:cobweb":10,"minecraft:spruce_fence_gate":3,"minecraft:gold_ore":16,"minecraft:fern":1},"minecraft:picked_up":{"minecraft:wooden_axe":3,"minecraft:iron_chestplate":14,"minecraft:wheat":335,"minecraft:lead":29,"minecraft:oak_stairs":1,"minecraft:string":53,"minecraft:iron_leggings":9,"minecraft:gold_nugget":3,"minecraft:bucket":10,"minecraft:spruce_planks":108,"minecraft:cobblestone_slab":68,"minecraft:iron_pickaxe":12,"minecraft:iron_boots":7,"minecraft:furnace":10,"minecraft:stick":60,"minecraft:composter":2,"minecraft:oak_fence":29,"minecraft:torch":308,"minecraft:porkchop":49,"minecraft:diorite":37,"minecraft:stone_sword":7,"minecraft:rotten_flesh":418,"minecraft:red_tulip":1,"minecraft:bookshelf":16,"minecraft:snowball":21,"minecraft:cobblestone":2633,"minecraft:birch_log":7,"minecraft:enchanting_table":1,"minecraft:magma_block":77,"minecraft:cooked_beef":1,"minecraft:feather":23,"minecraft:lilac":2,"minecraft:water_bucket":16,"minecraft:andesite":257,"minecraft:brown_wool":2,"minecraft:potato":8,"minecraft:flint":5,"minecraft:lantern":5,"minecraft:lapis_lazuli":44,"minecraft:dirt":653,"minecraft:name_tag":2,"minecraft:glass":45,"minecraft:bone":78,"minecraft:bow":13,"minecraft:orange_tulip":3,"minecraft:wheat_seeds":1074,"minecraft:bell":1,"minecraft:grindstone":1,"minecraft:oak_planks":179,"minecraft:cooked_porkchop":4,"minecraft:sand":657,"minecraft:ink_sac":3,"minecraft:grass_block":3,"minecraft:lily_of_the_valley":1,"minecraft:mossy_cobblestone":47,"minecraft:iron_hoe":11,"minecraft:spruce_fence_gate":3,"minecraft:diamond":8,"minecraft:spruce_boat":8,"minecraft:granite":89,"minecraft:golden_apple":2,"minecraft:spruce_sign":8,"minecraft:golden_horse_armor":1,"minecraft:bread":267,"minecraft:oak_sapling":14,"minecraft:netherrack":93,"minecraft:crafting_table":21,"minecraft:allium":1,"minecraft:azure_bluet":55,"minecraft:chicken":18,"minecraft:ladder":18,"minecraft:clay_ball":8,"minecraft:brown_mushroom":22,"minecraft:wooden_pickaxe":3,"minecraft:iron_axe":13,"minecraft:flint_and_steel":1,"minecraft:iron_shovel":9,"minecraft:detector_rail":4,"minecraft:beef":78,"minecraft:lectern":1,"minecraft:minecart":3,"minecraft:poppy":5,"minecraft:light_gray_wool":2,"minecraft:sugar_cane":186,"minecraft:chest":9,"minecraft:egg":9,"minecraft:oak_door":2,"minecraft:spruce_fence":2,"minecraft:carrot":11,"minecraft:redstone":254,"minecraft:arrow":120,"minecraft:beetroot_seeds":5,"minecraft:peony":1,"minecraft:shears":1,"minecraft:hay_block":48,"minecraft:saddle":1,"minecraft:gold_ingot":5,"minecraft:mutton":33,"minecraft:white_wool":53,"minecraft:rail":35,"minecraft:salmon":1,"minecraft:leather":38,"minecraft:oak_log":63,"minecraft:lily_pad":70,"minecraft:gunpowder":14,"minecraft:cobblestone_stairs":21,"minecraft:cooked_mutton":17,"minecraft:apple":10,"minecraft:kelp":680,"minecraft:iron_ingot":167,"minecraft:stone_pickaxe":15,"minecraft:iron_ore":389,"minecraft:polished_andesite_slab":121,"minecraft:soul_sand":54,"minecraft:iron_sword":15,"minecraft:book":22,"minecraft:pumpkin":4,"minecraft:birch_boat":4,"minecraft:sweet_berries":13,"minecraft:quartz":232,"minecraft:dandelion":13,"minecraft:gravel":77,"minecraft:spruce_sapling":21,"minecraft:white_bed":38,"minecraft:spruce_log":298,"minecraft:gold_ore":16,"minecraft:spider_eye":9,"minecraft:pumpkin_seeds":8,"minecraft:stone_axe":7,"minecraft:iron_helmet":12,"minecraft:black_wool":4,"minecraft:melon_seeds":5,"minecraft:coal":373,"minecraft:ender_pearl":3},"minecraft:killed_by":{"minecraft:ghast":2,"minecraft:creeper":1,"minecraft:cave_spider":1,"minecraft:player":3,"minecraft:skeleton":3},"minecraft:crafted":{"minecraft:oak_planks":188,"minecraft:cobblestone_slab":150,"minecraft:oak_sign":3,"minecraft:birch_boat":1,"minecraft:stone":20,"minecraft:cobblestone_stairs":4,"minecraft:bookshelf":8,"minecraft:cooked_mutton":24,"minecraft:glass":192,"minecraft:iron_boots":3,"minecraft:chest":11,"minecraft:oak_button":1,"minecraft:magenta_dye":2,"minecraft:oak_fence":48,"minecraft:arrow":4,"minecraft:cooked_porkchop":36,"minecraft:crafting_table":9,"minecraft:spruce_planks":490,"minecraft:wooden_pickaxe":1,"minecraft:iron_helmet":5,"minecraft:birch_planks":28,"minecraft:iron_chestplate":2,"minecraft:book":16,"minecraft:paper":48,"minecraft:stick":172,"minecraft:iron_pickaxe":11,"minecraft:iron_ingot":241,"minecraft:stone_sword":2,"minecraft:gold_ingot":5,"minecraft:spruce_fence_gate":5,"minecraft:shears":1,"minecraft:polished_andesite":4,"minecraft:oak_door":3,"minecraft:iron_nugget":45,"minecraft:furnace":8,"minecraft:piston":2,"minecraft:bone_meal":12,"minecraft:white_carpet":12,"minecraft:polished_andesite_slab":150,"minecraft:flint_and_steel":1,"minecraft:lantern":5,"minecraft:iron_axe":5,"minecraft:iron_hoe":1,"minecraft:stone_pickaxe":8,"minecraft:spruce_boat":1,"minecraft:wheat":432,"minecraft:cooked_beef":29,"minecraft:spruce_sign":30,"minecraft:enchanting_table":1,"minecraft:iron_sword":6,"minecraft:bucket":1,"minecraft:stone_axe":2,"minecraft:bread":220,"minecraft:air":0,"minecraft:oak_fence_gate":5,"minecraft:white_wool":1,"minecraft:white_dye":1,"minecraft:wooden_axe":1,"minecraft:iron_shovel":3,"minecraft:iron_leggings":3,"minecraft:white_bed":4,"minecraft:torch":236},"minecraft:used":{"minecraft:writable_book":1,"minecraft:iron_shovel":761,"minecraft:ladder":8,"minecraft:chest":15,"minecraft:stone":7,"minecraft:iron_sword":780,"minecraft:soul_sand":6,"minecraft:snowball":21,"minecraft:spruce_boat":8,"minecraft:glass":230,"minecraft:lava_bucket":11,"minecraft:lantern":2,"minecraft:bow":63,"minecraft:oak_sapling":3,"minecraft:furnace":17,"minecraft:egg":7,"minecraft:diorite":8,"minecraft:stone_pickaxe":877,"minecraft:oak_planks":81,"minecraft:lily_pad":1,"minecraft:wooden_pickaxe":44,"minecraft:sugar_cane":99,"minecraft:white_wool":19,"minecraft:sand":115,"minecraft:shears":14,"minecraft:bread":132,"minecraft:gravel":19,"minecraft:polished_andesite_slab":30,"minecraft:andesite":52,"minecraft:oak_fence":23,"minecraft:enchanting_table":1,"minecraft:stone_sword":130,"minecraft:flint_and_steel":1,"minecraft:spruce_planks":234,"minecraft:netherrack":39,"minecraft:oak_door":1,"minecraft:torch":243,"minecraft:dirt":218,"minecraft:white_carpet":12,"minecraft:granite":19,"minecraft:spruce_fence":1,"minecraft:oak_fence_gate":5,"minecraft:iron_hoe":97,"minecraft:wooden_axe":37,"minecraft:bookshelf":8,"minecraft:iron_axe":256,"minecraft:oak_stairs":1,"minecraft:cooked_beef":4,"minecraft:wheat_seeds":421,"minecraft:cooked_mutton":23,"minecraft:water_bucket":437,"minecraft:cobblestone_stairs":4,"minecraft:birch_boat":4,"minecraft:spruce_sign":30,"minecraft:spruce_fence_gate":8,"minecraft:cobblestone_slab":42,"minecraft:crafting_table":21,"minecraft:white_bed":32,"minecraft:spruce_log":7,"minecraft:piston":2,"minecraft:apple":2,"minecraft:oak_button":1,"minecraft:iron_pickaxe":2245,"minecraft:spruce_sapling":6,"minecraft:stone_axe":79,"minecraft:cobblestone":989,"minecraft:cooked_porkchop":25,"minecraft:bucket":449,"minecraft:kelp":31},"minecraft:dropped":{"minecraft:iron_sword":4,"minecraft:lapis_lazuli":7,"minecraft:oak_log":7,"minecraft:crafting_table":2,"minecraft:cooked_porkchop":11,"minecraft:lantern":4,"minecraft:sand":1,"minecraft:iron_pickaxe":3,"minecraft:white_wool":2,"minecraft:gravel":6,"minecraft:stone_axe":4,"minecraft:polished_andesite_slab":240,"minecraft:rotten_flesh":2,"minecraft:oak_planks":71,"minecraft:cooked_mutton":6,"minecraft:gunpowder":1,"minecraft:beetroot_seeds":2,"minecraft:chest":1,"minecraft:ladder":8,"minecraft:beef":10,"minecraft:egg":1,"minecraft:water_bucket":2,"minecraft:iron_ingot":7,"minecraft:bread":93,"minecraft:wheat_seeds":16,"minecraft:lead":4,"minecraft:oak_fence":33,"minecraft:iron_helmet":1,"minecraft:cobblestone":431,"minecraft:apple":2,"minecraft:stick":5,"minecraft:ink_sac":1,"minecraft:torch":80,"minecraft:wooden_axe":1,"minecraft:iron_leggings":1,"minecraft:dandelion":8,"minecraft:stone_sword":2,"minecraft:light_gray_wool":1,"minecraft:iron_boots":1,"minecraft:oak_sign":3,"minecraft:spruce_fence":1,"minecraft:shears":1,"minecraft:iron_chestplate":1,"minecraft:oak_sapling":2,"minecraft:spider_eye":1,"minecraft:spruce_log":30,"minecraft:stone_pickaxe":2},"minecraft:killed":{"minecraft:cave_spider":5,"minecraft:spider":24,"minecraft:skeleton":36,"minecraft:chicken":9,"minecraft:pig":22,"minecraft:salmon":1,"minecraft:creeper":10,"minecraft:sheep":19,"minecraft:trader_llama":1,"minecraft:zombie":164,"minecraft:ghast":1,"minecraft:cow":26,"minecraft:drowned":11,"minecraft:bat":5,"minecraft:wandering_trader":1,"minecraft:enderman":6}},"DataVersion":2230}