{"stats":{"minecraft:killed_by":{"minecraft:ghast":1,"minecraft:zombie_villager":1,"minecraft:player":3,"minecraft:zombie_pigman":1,"minecraft:creeper":1,"minecraft:cave_spider":2,"minecraft:skeleton":6,"minecraft:zombie":1},"minecraft:dropped":{"minecraft:bread":88,"minecraft:iron_sword":3,"minecraft:wheat_seeds":26,"minecraft:cooked_beef":1,"minecraft:iron_helmet":2,"minecraft:cobblestone":45,"minecraft:lead":2,"minecraft:granite":44,"minecraft:flint":2,"minecraft:polished_andesite":1,"minecraft:dirt":2,"minecraft:torch":72,"minecraft:iron_leggings":1,"minecraft:sand":6,"minecraft:iron_shovel":1,"minecraft:string":2,"minecraft:white_wool":9,"minecraft:spruce_sapling":6,"minecraft:bone":10,"minecraft:kelp":64,"minecraft:polished_andesite_slab":2,"minecraft:stone_sword":1,"minecraft:wheat":2,"minecraft:rotten_flesh":11,"minecraft:oak_planks":56,"minecraft:iron_boots":1,"minecraft:iron_hoe":1,"minecraft:white_bed":1,"minecraft:cobblestone_slab":18,"minecraft:gunpowder":1,"minecraft:spruce_planks":16,"minecraft:iron_chestplate":1,"minecraft:andesite":2,"minecraft:ladder":2,"minecraft:spruce_log":4,"minecraft:iron_ore":26,"minecraft:glass":1,"minecraft:quartz":22},"minecraft:broken":{"minecraft:stone_pickaxe":13,"minecraft:stone_axe":3,"minecraft:iron_pickaxe":1},"minecraft:mined":{"minecraft:spruce_planks":20,"minecraft:white_bed":13,"minecraft:cobblestone_stairs":40,"minecraft:ladder":1,"minecraft:granite":41,"minecraft:allium":1,"minecraft:spruce_fence":2,"minecraft:grass_block":125,"minecraft:polished_andesite_slab":9,"minecraft:spruce_leaves":45,"minecraft:polished_diorite":23,"minecraft:kelp":1,"minecraft:composter":2,"minecraft:redstone_ore":17,"minecraft:magma_block":92,"minecraft:iron_ore":86,"minecraft:andesite":145,"minecraft:pumpkin":4,"minecraft:bookshelf":1,"minecraft:red_tulip":1,"minecraft:cobblestone_slab":2,"minecraft:oak_stairs":7,"minecraft:iron_bars":2,"minecraft:stone":1074,"minecraft:white_wool":105,"minecraft:glass_pane":6,"minecraft:kelp_plant":1,"minecraft:clay":1,"minecraft:dandelion":3,"minecraft:oak_fence":7,"minecraft:cornflower":1,"minecraft:crafting_table":3,"minecraft:torch":10,"minecraft:poppy":1,"minecraft:chest":1,"minecraft:spruce_wall_sign":1,"minecraft:nether_quartz_ore":84,"minecraft:cobblestone":276,"minecraft:oak_planks":26,"minecraft:sugar_cane":5,"minecraft:diorite":156,"minecraft:wall_torch":10,"minecraft:seagrass":2,"minecraft:wheat":8,"minecraft:spruce_log":305,"minecraft:orange_tulip":2,"minecraft:quartz_pillar":5,"minecraft:white_wall_banner":3,"minecraft:grass":65,"minecraft:coal_ore":38,"minecraft:oak_log":137,"minecraft:gravel":20,"minecraft:sand":104,"minecraft:dirt":181,"minecraft:cobweb":1,"minecraft:polished_andesite":1,"minecraft:netherrack":71,"minecraft:gold_ore":9,"minecraft:oak_leaves":52,"minecraft:fern":11},"minecraft:custom":{"minecraft:mob_kills":83,"minecraft:interact_with_crafting_table":131,"minecraft:bell_ring":46,"minecraft:leave_game":16,"minecraft:time_since_death":1640,"minecraft:climb_one_cm":91489,"minecraft:walk_one_cm":3062626,"minecraft:sprint_one_cm":1016907,"minecraft:drop":474,"minecraft:talked_to_villager":4,"minecraft:deaths":35,"minecraft:sneak_time":43950,"minecraft:walk_under_water_one_cm":195764,"minecraft:jump":5478,"minecraft:walk_on_water_one_cm":190754,"minecraft:interact_with_furnace":40,"minecraft:play_one_minute":884548,"minecraft:sleep_in_bed":56,"minecraft:time_since_rest":1,"minecraft:damage_taken":13788,"minecraft:damage_dealt":10159,"minecraft:player_kills":3,"minecraft:swim_one_cm":44563,"minecraft:fly_one_cm":286352,"minecraft:open_chest":194,"minecraft:crouch_one_cm":115132,"minecraft:fall_one_cm":148541,"minecraft:horse_one_cm":159779},"minecraft:picked_up":{"minecraft:wooden_axe":1,"minecraft:iron_chestplate":18,"minecraft:crafting_table":8,"minecraft:wheat":26,"minecraft:allium":1,"minecraft:chicken":1,"minecraft:ladder":25,"minecraft:clay_ball":8,"minecraft:lead":8,"minecraft:wooden_pickaxe":11,"minecraft:oak_stairs":37,"minecraft:cornflower":1,"minecraft:string":37,"minecraft:iron_axe":3,"minecraft:iron_leggings":19,"minecraft:iron_shovel":2,"minecraft:glass_pane":17,"minecraft:oak_sign":5,"minecraft:bucket":3,"minecraft:spruce_planks":90,"minecraft:rose_bush":2,"minecraft:beef":3,"minecraft:cobblestone_slab":191,"minecraft:poppy":8,"minecraft:iron_pickaxe":6,"minecraft:lectern":1,"minecraft:sugar_cane":52,"minecraft:chest":6,"minecraft:iron_boots":18,"minecraft:egg":2,"minecraft:stick":125,"minecraft:oak_door":8,"minecraft:composter":2,"minecraft:oak_fence":64,"minecraft:torch":344,"minecraft:spruce_fence":18,"minecraft:porkchop":8,"minecraft:quartz_pillar":5,"minecraft:diorite":162,"minecraft:redstone":348,"minecraft:stone_sword":17,"minecraft:arrow":85,"minecraft:rotten_flesh":249,"minecraft:peony":1,"minecraft:shears":3,"minecraft:red_tulip":1,"minecraft:mutton":10,"minecraft:iron_bars":2,"minecraft:rail":6,"minecraft:white_wool":305,"minecraft:cobblestone":3304,"minecraft:magma_block":92,"minecraft:lilac":1,"minecraft:feather":2,"minecraft:cooked_beef":1,"minecraft:water_bucket":2,"minecraft:salmon":8,"minecraft:andesite":250,"minecraft:leather":17,"minecraft:flint":25,"minecraft:oak_log":192,"minecraft:gunpowder":4,"minecraft:cobblestone_stairs":149,"minecraft:lapis_lazuli":14,"minecraft:dirt":608,"minecraft:white_banner":4,"minecraft:cooked_mutton":2,"minecraft:glass":5,"minecraft:bone":45,"minecraft:apple":2,"minecraft:kelp":64,"minecraft:bow":6,"minecraft:wheat_seeds":100,"minecraft:orange_tulip":3,"minecraft:iron_ingot":112,"minecraft:stone_pickaxe":18,"minecraft:iron_ore":140,"minecraft:polished_andesite_slab":188,"minecraft:iron_sword":18,"minecraft:oak_planks":257,"minecraft:book":11,"minecraft:milk_bucket":15,"minecraft:cooked_porkchop":19,"minecraft:pumpkin":8,"minecraft:quartz":82,"minecraft:dandelion":14,"minecraft:gravel":39,"minecraft:sand":115,"minecraft:spruce_sapling":65,"minecraft:ink_sac":16,"minecraft:white_bed":15,"minecraft:spruce_log":401,"minecraft:gold_ore":7,"minecraft:spider_eye":8,"minecraft:iron_hoe":1,"minecraft:polished_andesite":15,"minecraft:sugar":16,"minecraft:polished_diorite":83,"minecraft:stone_axe":17,"minecraft:writable_book":2,"minecraft:iron_helmet":21,"minecraft:granite":122,"minecraft:spruce_sign":3,"minecraft:bread":263,"minecraft:oak_sapling":33,"minecraft:netherrack":61,"minecraft:coal":58,"minecraft:ender_pearl":1},"minecraft:crafted":{"minecraft:smooth_stone":3,"minecraft:oak_planks":488,"minecraft:smooth_stone_slab":6,"minecraft:furnace":7,"minecraft:stone":3,"minecraft:cobblestone_stairs":132,"minecraft:bone_meal":21,"minecraft:lever":1,"minecraft:spruce_fence":33,"minecraft:polished_andesite_slab":336,"minecraft:quartz_pillar":22,"minecraft:iron_bars":16,"minecraft:glass_pane":144,"minecraft:glass":54,"minecraft:cake":2,"minecraft:quartz_block":23,"minecraft:iron_boots":1,"minecraft:polished_diorite":180,"minecraft:ladder":33,"minecraft:stone_pickaxe":17,"minecraft:chest":4,"minecraft:spruce_boat":1,"minecraft:oak_fence":30,"minecraft:cooked_beef":2,"minecraft:sugar":6,"minecraft:cauldron":1,"minecraft:crafting_table":6,"minecraft:spruce_planks":372,"minecraft:wooden_pickaxe":1,"minecraft:iron_helmet":1,"minecraft:iron_sword":1,"minecraft:bucket":7,"minecraft:stone_axe":3,"minecraft:blue_dye":1,"minecraft:iron_chestplate":1,"minecraft:writable_book":1,"minecraft:stick":228,"minecraft:iron_ingot":31,"minecraft:iron_pickaxe":1,"minecraft:oak_stairs":152,"minecraft:wooden_axe":1,"minecraft:stone_sword":1,"minecraft:iron_leggings":1,"minecraft:gold_ingot":13,"minecraft:armor_stand":1,"minecraft:white_bed":2,"minecraft:torch":32,"minecraft:shears":1,"minecraft:clay":1,"minecraft:polished_andesite":268},"minecraft:killed":{"minecraft:cave_spider":2,"minecraft:spider":8,"minecraft:horse":1,"minecraft:skeleton":5,"minecraft:chicken":1,"minecraft:wolf":3,"minecraft:pig":1,"minecraft:zombie_villager":1,"minecraft:salmon":2,"minecraft:creeper":2,"minecraft:squid":3,"minecraft:sheep":2,"minecraft:pillager":1,"minecraft:zombie":48,"minecraft:cow":1},"minecraft:used":{"minecraft:writable_book":2,"minecraft:oak_fence":62,"minecraft:iron_bars":18,"minecraft:stone_sword":177,"minecraft:iron_shovel":22,"minecraft:armor_stand":1,"minecraft:oak_sign":1,"minecraft:ladder":35,"minecraft:chest":7,"minecraft:spruce_planks":268,"minecraft:iron_sword":149,"minecraft:bell":1,"minecraft:rotten_flesh":11,"minecraft:netherrack":34,"minecraft:torch":63,"minecraft:dirt":257,"minecraft:mutton":3,"minecraft:carrot":4,"minecraft:spruce_fence":31,"minecraft:polished_diorite":200,"minecraft:quartz_pillar":25,"minecraft:iron_axe":4,"minecraft:oak_stairs":153,"minecraft:quartz_block":1,"minecraft:magma_block":3,"minecraft:bow":31,"minecraft:oak_sapling":1,"minecraft:furnace":7,"minecraft:egg":1,"minecraft:cooked_beef":1,"minecraft:wheat_seeds":11,"minecraft:cooked_mutton":1,"minecraft:water_bucket":7,"minecraft:cobblestone_stairs":157,"minecraft:stone_pickaxe":1819,"minecraft:polished_andesite":18,"minecraft:oak_planks":158,"minecraft:spruce_sign":3,"minecraft:cauldron":1,"minecraft:wooden_pickaxe":9,"minecraft:cobblestone_slab":55,"minecraft:white_wool":189,"minecraft:salmon":2,"minecraft:crafting_table":10,"minecraft:spider_eye":1,"minecraft:white_bed":15,"minecraft:spruce_log":221,"minecraft:oak_log":20,"minecraft:apple":6,"minecraft:bread":53,"minecraft:iron_pickaxe":430,"minecraft:lectern":1,"minecraft:gravel":9,"minecraft:polished_andesite_slab":425,"minecraft:stone_axe":504,"minecraft:cobblestone":1428,"minecraft:white_banner":4,"minecraft:cooked_porkchop":11,"minecraft:bucket":7,"minecraft:glass_pane":128,"minecraft:bone_meal":12}},"DataVersion":2230}